{
  "temperature": 0.6945546269416809,
  "uncalibrated": {
    "accuracy": 0.7262247838616714,
    "ece": 0.12705600128565464,
    "report": {
      "0": {
        "precision": 0.90625,
        "recall": 0.9382352941176471,
        "f1-score": 0.9219653179190751,
        "support": 340.0
      },
      "1": {
        "precision": 0.5909090909090909,
        "recall": 0.36619718309859156,
        "f1-score": 0.45217391304347826,
        "support": 71.0
      },
      "2": {
        "precision": 0.6263736263736264,
        "recall": 0.5968586387434555,
        "f1-score": 0.6112600536193029,
        "support": 191.0
      },
      "3": {
        "precision": 0.46511627906976744,
        "recall": 0.5555555555555556,
        "f1-score": 0.5063291139240507,
        "support": 36.0
      },
      "4": {
        "precision": 0.3424657534246575,
        "recall": 0.44642857142857145,
        "f1-score": 0.3875968992248062,
        "support": 56.0
      },
      "accuracy": 0.7262247838616714,
      "macro avg": {
        "precision": 0.5862229499554285,
        "recall": 0.5806550485887642,
        "f1-score": 0.5758650595461425,
        "support": 694.0
      },
      "weighted avg": {
        "precision": 0.7285867094095109,
        "recall": 0.7262247838616714,
        "f1-score": 0.723712536913133,
        "support": 694.0
      }
    }
  },
  "calibrated": {
    "accuracy": 0.7262247838616714,
    "ece": 0.07744461890599914,
    "report": {
      "0": {
        "precision": 0.90625,
        "recall": 0.9382352941176471,
        "f1-score": 0.9219653179190751,
        "support": 340.0
      },
      "1": {
        "precision": 0.5909090909090909,
        "recall": 0.36619718309859156,
        "f1-score": 0.45217391304347826,
        "support": 71.0
      },
      "2": {
        "precision": 0.6263736263736264,
        "recall": 0.5968586387434555,
        "f1-score": 0.6112600536193029,
        "support": 191.0
      },
      "3": {
        "precision": 0.46511627906976744,
        "recall": 0.5555555555555556,
        "f1-score": 0.5063291139240507,
        "support": 36.0
      },
      "4": {
        "precision": 0.3424657534246575,
        "recall": 0.44642857142857145,
        "f1-score": 0.3875968992248062,
        "support": 56.0
      },
      "accuracy": 0.7262247838616714,
      "macro avg": {
        "precision": 0.5862229499554285,
        "recall": 0.5806550485887642,
        "f1-score": 0.5758650595461425,
        "support": 694.0
      },
      "weighted avg": {
        "precision": 0.7285867094095109,
        "recall": 0.7262247838616714,
        "f1-score": 0.723712536913133,
        "support": 694.0
      }
    }
  }
}