{
  "temperature": 1.3816370964050293,
  "uncalibrated": {
    "accuracy": 0.6858789625360231,
    "ece": 0.07942135919755061,
    "report": {
      "0": {
        "precision": 0.9931740614334471,
        "recall": 0.8558823529411764,
        "f1-score": 0.919431279620853,
        "support": 340.0
      },
      "1": {
        "precision": 0.3069306930693069,
        "recall": 0.8732394366197183,
        "f1-score": 0.4542124542124542,
        "support": 71.0
      },
      "2": {
        "precision": 0.8181818181818182,
        "recall": 0.3298429319371728,
        "f1-score": 0.4701492537313433,
        "support": 191.0
      },
      "3": {
        "precision": 0.3870967741935484,
        "recall": 0.6666666666666666,
        "f1-score": 0.4897959183673469,
        "support": 36.0
      },
      "4": {
        "precision": 0.6,
        "recall": 0.6428571428571429,
        "f1-score": 0.6206896551724138,
        "support": 56.0
      },
      "accuracy": 0.6858789625360231,
      "macro avg": {
        "precision": 0.6210766693756241,
        "recall": 0.6736977062043754,
        "f1-score": 0.5908557122208823,
        "support": 694.0
      },
      "weighted avg": {
        "precision": 0.8116418893933541,
        "recall": 0.6858789625360231,
        "f1-score": 0.7017946693569748,
        "support": 694.0
      }
    }
  },
  "calibrated": {
    "accuracy": 0.6858789625360231,
    "ece": 0.07868574705694181,
    "report": {
      "0": {
        "precision": 0.9931740614334471,
        "recall": 0.8558823529411764,
        "f1-score": 0.919431279620853,
        "support": 340.0
      },
      "1": {
        "precision": 0.3069306930693069,
        "recall": 0.8732394366197183,
        "f1-score": 0.4542124542124542,
        "support": 71.0
      },
      "2": {
        "precision": 0.8181818181818182,
        "recall": 0.3298429319371728,
        "f1-score": 0.4701492537313433,
        "support": 191.0
      },
      "3": {
        "precision": 0.3870967741935484,
        "recall": 0.6666666666666666,
        "f1-score": 0.4897959183673469,
        "support": 36.0
      },
      "4": {
        "precision": 0.6,
        "recall": 0.6428571428571429,
        "f1-score": 0.6206896551724138,
        "support": 56.0
      },
      "accuracy": 0.6858789625360231,
      "macro avg": {
        "precision": 0.6210766693756241,
        "recall": 0.6736977062043754,
        "f1-score": 0.5908557122208823,
        "support": 694.0
      },
      "weighted avg": {
        "precision": 0.8116418893933541,
        "recall": 0.6858789625360231,
        "f1-score": 0.7017946693569748,
        "support": 694.0
      }
    }
  }
}