{
  "temperature": 0.5714176121751702,
  "uncalibrated": {
    "accuracy": 0.7363112391930836
  },
  "calibrated": {
    "accuracy": 0.7363112391930836
  }
}