{
  "biases": [
    -0.7665972455381402,
    -0.35653103256581614,
    -0.15153009305566342,
    -0.5264781369254696,
    -0.5687353587416973
  ],
  "accuracy": 0.7824207492795389,
  "macro_f1": 0.6850109986831654,
  "recall_1_3_4": [
    0.8028169014084507,
    0.5833333333333334,
    0.625
  ],
  "f1_1_3_4": [
    0.5402843601895735,
    0.5753424657534246,
    0.660377358490566
  ],
  "confusion_matrix": [
    [
      309,
      28,
      2,
      0,
      1
    ],
    [
      2,
      57,
      10,
      1,
      1
    ],
    [
      4,
      48,
      121,
      11,
      7
    ],
    [
      0,
      1,
      8,
      21,
      6
    ],
    [
      0,
      6,
      11,
      4,
      35
    ]
  ]
}