{
  "biases": [
    -1.0537849487215392,
    -0.9269615667900895,
    -0.28397798152971454,
    -0.4569618709839841,
    -0.7199175910537169
  ],
  "accuracy": 0.8097982708933718,
  "macro_f1": 0.6974839402183857,
  "recall": [
    0.9264705882352942,
    0.6197183098591549,
    0.7696335078534031,
    0.6111111111111112,
    0.6071428571428571
  ],
  "f1": [
    0.9487951807228916,
    0.6027397260273972,
    0.7519181585677749,
    0.5301204819277109,
    0.6538461538461539
  ],
  "confusion_matrix": [
    [
      315,
      13,
      11,
      0,
      1
    ],
    [
      4,
      44,
      21,
      1,
      1
    ],
    [
      5,
      15,
      147,
      18,
      6
    ],
    [
      0,
      1,
      7,
      22,
      6
    ],
    [
      0,
      2,
      14,
      6,
      34
    ]
  ]
}