{
  "biases": [
    -0.8202394688044925,
    -0.6936162791297409,
    -0.29646746730222556,
    -0.6950410297984607,
    -0.6178068618277051
  ],
  "accuracy": 0.8011527377521613,
  "macro_f1": 0.6927942377552313,
  "recall_1_3_4": [
    0.676056338028169,
    0.5833333333333334,
    0.625
  ],
  "f1_1_3_4": [
    0.5581395348837209,
    0.5753424657534246,
    0.6481481481481481
  ],
  "confusion_matrix": [
    [
      318,
      17,
      4,
      0,
      1
    ],
    [
      4,
      48,
      17,
      1,
      1
    ],
    [
      6,
      31,
      134,
      11,
      9
    ],
    [
      0,
      1,
      8,
      21,
      6
    ],
    [
      0,
      4,
      13,
      4,
      35
    ]
  ]
}