{
  "biases": [
    -0.95,
    -0.75,
    0.050000000000000044,
    -0.29999999999999993,
    -0.7
  ],
  "macro_f1": 0.7212753452015616,
  "accuracy": 0.8328530259365994
}