{
  "biases": [
    -1.0537849487215392,
    -0.9269615667900895,
    -0.28397798152971454,
    -0.6769618709839841,
    -0.7199175910537169
  ],
  "accuracy": 0.8184438040345822,
  "macro_f1": 0.7108344048454724,
  "recall": [
    0.9264705882352942,
    0.6197183098591549,
    0.8010471204188482,
    0.5833333333333334,
    0.625
  ],
  "f1": [
    0.9487951807228916,
    0.6027397260273972,
    0.7669172932330827,
    0.5753424657534246,
    0.660377358490566
  ],
  "confusion_matrix": [
    [
      315,
      13,
      11,
      0,
      1
    ],
    [
      4,
      44,
      21,
      1,
      1
    ],
    [
      5,
      15,
      153,
      11,
      7
    ],
    [
      0,
      1,
      8,
      21,
      6
    ],
    [
      0,
      2,
      15,
      4,
      35
    ]
  ]
}