{
  "n_samples": 694,
  "accuracy": 0.7564841498559077,
  "macro_f1": 0.6399288185300283,
  "ece": 0.12860533024372237,
  "classification_report": {
    "0": {
      "precision": 0.9283667621776505,
      "recall": 0.9529411764705882,
      "f1-score": 0.9404934687953556,
      "support": 340.0
    },
    "1": {
      "precision": 0.3949579831932773,
      "recall": 0.6619718309859155,
      "f1-score": 0.49473684210526314,
      "support": 71.0
    },
    "2": {
      "precision": 0.7950819672131147,
      "recall": 0.5078534031413613,
      "f1-score": 0.6198083067092651,
      "support": 191.0
    },
    "3": {
      "precision": 0.4666666666666667,
      "recall": 0.5833333333333334,
      "f1-score": 0.5185185185185185,
      "support": 36.0
    },
    "4": {
      "precision": 0.6101694915254238,
      "recall": 0.6428571428571429,
      "f1-score": 0.6260869565217392,
      "support": 56.0
    },
    "accuracy": 0.7564841498559077,
    "macro avg": {
      "precision": 0.6390485741552266,
      "recall": 0.6697913773576682,
      "f1-score": 0.6399288185300283,
      "support": 694.0
    },
    "weighted avg": {
      "precision": 0.7874882755190958,
      "recall": 0.7564841498559077,
      "f1-score": 0.759373224774133,
      "support": 694.0
    }
  },
  "confusion_matrix": [
    [
      324,
      16,
      0,
      0,
      0
    ],
    [
      9,
      47,
      13,
      1,
      1
    ],
    [
      14,
      48,
      97,
      18,
      14
    ],
    [
      0,
      2,
      5,
      21,
      8
    ],
    [
      2,
      6,
      7,
      5,
      36
    ]
  ]
}