{
  "n_samples": 694,
  "aucs_per_class": [
    0.9865237620471918,
    0.914113896864332,
    0.921278611056176,
    0.9439378588314759,
    0.909230855351545
  ],
  "classification_report": {
    "0": {
      "precision": 0.9557522123893806,
      "recall": 0.9529411764705882,
      "f1-score": 0.9543446244477173,
      "support": 340.0
    },
    "1": {
      "precision": 0.4148148148148148,
      "recall": 0.7887323943661971,
      "f1-score": 0.5436893203883495,
      "support": 71.0
    },
    "2": {
      "precision": 0.8521739130434782,
      "recall": 0.5130890052356021,
      "f1-score": 0.6405228758169934,
      "support": 191.0
    },
    "3": {
      "precision": 0.4772727272727273,
      "recall": 0.5833333333333334,
      "f1-score": 0.525,
      "support": 36.0
    },
    "4": {
      "precision": 0.6229508196721312,
      "recall": 0.6785714285714286,
      "f1-score": 0.6495726495726496,
      "support": 56.0
    },
    "accuracy": 0.7737752161383286,
    "macro avg": {
      "precision": 0.6645928974385065,
      "recall": 0.7033334675954299,
      "f1-score": 0.6626258940451419,
      "support": 694.0
    },
    "weighted avg": {
      "precision": 0.8202303826210418,
      "recall": 0.7737752161383286,
      "f1-score": 0.7790994981511683,
      "support": 694.0
    }
  },
  "confusion_matrix": [
    [
      324,
      16,
      0,
      0,
      0
    ],
    [
      5,
      56,
      7,
      1,
      2
    ],
    [
      9,
      54,
      98,
      18,
      12
    ],
    [
      0,
      2,
      4,
      21,
      9
    ],
    [
      1,
      7,
      6,
      4,
      38
    ]
  ]
}